"file_name","ground_truth"
"01ac6c2a-a9ce-4a19-bb55-096f62222450.jpg","```markdown
# 十七、少儿特定疾病和少儿罕见病

被保险人发生符合少儿特定疾病定义所述条件的疾病，应当由保险人认可的医院专科医生明确诊断。

被保险人发生符合少儿罕见病定义所述条件的疾病，应当由保险人认可的医院为中华人民共和国国务院卫生行政管理部门指定的罕见病诊疗协作网医院。

以下疾病名称仅供理解使用，具体保障范围以每种疾病具体定义为准。

## 1. 少儿特定疾病

### (1) 白血病

指一种造血系统的恶性肿瘤，其主要表现为白血病细胞在骨髓或其他造血组织中大量克隆、异常增生，大量聚集的白细胞抑制正常造血并浸润全身器官和组织。周围白细胞有质和量的变化，出现相应临床表现。被保险人所患白血病必须根据骨髓的活组织检查和周围血象由专科（儿科、血液科或肿瘤科）医生确诊。

下列疾病不在保障范围内：

1) 原位癌；

2) 相当于Binet分期方案A期程度的慢性淋巴细胞白血病；

3) 感染艾滋病病毒或患艾滋病期间所患恶性肿瘤。

### (2) 淋巴瘤

指原发于淋巴组织的恶性肿瘤，恶性肿瘤释义符合重度疾病中的恶性肿瘤——重度释义。

下列疾病不在保障范围内：

1) 原位癌；

2) 相当于Binet分期方案A期程度的慢性淋巴细胞白血病；

3) 相当于Ann Arbor分期方案I期程度的何杰金氏病；

```

```markdown
下列疾病不在保障范围内：

1) 原位癌；

2) 相当于Binet分期方案A期程度的慢性淋巴细胞白血病；

3) 相当于Ann Arbor分期方案I期程度的何杰金氏病；

3) 感染艾滋病病毒或患艾滋病期间所患恶性肿瘤。

## (3) 神经母细胞瘤

指原发于神经母细胞的恶性肿瘤，恶性肿瘤释义符合重度疾病中的恶性肿瘤——重度释义。

下列疾病不在保障范围内：

1) 原位癌；

2) 感染艾滋病病毒或患艾滋病期间所患恶性肿瘤。

## (4) 肾母细胞瘤

指原发于肾母细胞的恶性肿瘤，恶性肿瘤释义符合重度疾病中的恶性肿瘤——重度释义。

下列疾病不在保障范围内：

1) 原位癌；

2) 感染艾滋病病毒或患艾滋病期间所患恶性肿瘤

## (5) 严重I型糖尿病

严重I型糖尿病为由于胰岛素分泌绝对不足引起的慢性血糖升高，且已经持续性地依赖外源性胰岛素维持180日以上。须经血胰岛素测定、血C肽测定或尿C肽测定，结果异常，并由内分泌科专科医生明确诊。

并须在本合同有效期内，满足下述二个及以上条件：

1) 已出现增生性视网膜病变；

2) 须植入心脏起搏器治疗心脏病；

3) 在保险人认可医院内已经进行了医疗必需的由足踝或以上位置的单足截除手术。

```

```markdown
1) 已出现增生性视网膜病变；

2) 须植入心脏起搏器治疗心脏病；

3) 在保险人认可医院内已经进行了医疗必需的由足踝或以上位置的单足截除手术。

## (6) 重型再生障碍性贫血

指因骨髓造血功能慢性持续性衰竭导致的贫血、中性粒细胞减少及血小板减少。须满足下列全部条件：

1) 骨髓穿刺检查或骨髓活检结果支持诊断：骨髓细胞增生程度<正常的25%；如≥正常的25%但<50%，则残存的造血细胞应<30%；

2) 外周血象须具备以下三项条件中的两项：

①中性粒细胞绝对值<0.5×109/L；

②网织红细胞计数<20×109/L；

③血小板绝对值<20×109/L。

## (7) 严重哮喘

指一种反复发作的严重支气管阻塞性疾病，经本公司认可的专科医生确诊，且必须同时符合下列标准：

1) 过去两年中曾因哮喘持续状态住院治疗，并提供完整住院记录；

2) 因慢性过度换气导致胸廓畸形；

3) 在家中需要医生处方的氧气治疗法；

4) 持续日常服用口服类固醇激素治疗持续至少6个月。

## (8) 严重心肌炎

指被保险人因严重心肌炎性病变导致心功能损害造成持续的永久不可逆性的心功能衰竭。必须满足下列全部条件：

1) 心功能衰竭程度达到美国纽约心脏病学会心功能状态分级IV级，或左室射血分数低于30%；

2) 持续不间断180天以上：

```

指被保险人因严重心肌炎性病变导致心功能损害造成持续的永久不可逆性的心功能衰竭。必须满足下列全部条件：

1) 心功能衰竭程度达到美国纽约心脏病学会心功能状态分级IV级，或左室射血分数低于30%；

2) 持续不间断180天以上；

3) 被保险人永久不可逆性的体力活动能力受限，不能从事任何体力活动。

### (9) 严重心肌病

指被保险人因心肌病导致慢性心功能损害造成永久不可逆性的心功能衰竭。心功能衰竭程度达到美国纽约心脏病学会心功能状态分级IV级。被保险人永久不可逆性的体力活动能力受限，不能从事任何体力活动。

### (10) 严重川崎病

指一种原因未明的血管炎综合征，临床表现为急性发热，皮肤粘膜病损和淋巴结肿大。本病必须经专科医生明确诊断，且必须由血管造影或超声心动图检查证实，满足下列至少一项条件：

1) 伴有冠状动脉瘤，且冠状动脉瘤于最初急性发病后持续至少180天；

2) 伴有冠状动脉瘤，且实际接受了对冠状动脉瘤进行的手术治疗。

### (11) 严重脑损伤

指因头部遭受机械性外力，引起脑重要部位损伤，导致神经系统永久性的功能障碍。须由头颅断层扫描（CT）、核磁共振检查（MRI）或正电子发射断层扫描（PET）等影像学检查证实。神经系统永久性的功能障碍，指脑损伤180天后，仍遗留下列至少一种障碍：

1) 一肢（含）以上肢体肌力2级（含）以下；

2) 语言能力完全丧失，或严重咀嚼吞咽功能障碍；

3) 自主生活能力完全丧失，无法独立完成六项基本日常

```markdown
180天后，仍遗留下列至少一种障碍：

1) 一肢（含）以上肢体肌力2级（含）以下；

2) 语言能力完全丧失，或严重咀嚼吞咽功能障碍；

3) 自主生活能力完全丧失，无法独立完成六项基本日常生活活动中的三项或三项以上。

## (12) 严重重症肌无力

是一种神经肌肉接头传递障碍所致的疾病，表现为局部或者全身骨骼肌（特别是眼外肌）极易疲劳。疾病可以累及呼吸肌、上肢或者下肢的近端肌群或者全身肌肉。须满足下列全部条件：

1) 经药物治疗和胸腺手术治疗270天以上仍无法控制病情；

2) 自主生活能力完全丧失，无法独立完成六项基本日常生活活动中的三项或者三项以上。

## (13) 重症手足口病

指由肠道病毒引起的急性传染病，主要症状表现为手、足、口腔等部位的斑丘疹、疱疹。经保险人认可的医疗机构的专科医生确诊患有手足口病，并伴有下列三项中的任意一项并发症：

1) 有脑膜炎或脑炎并发症，且导致意识障碍或瘫痪的临床表现及实验室检查证据；

2) 有肺炎或肺水肿并发症，且导致呼吸衰竭的临床表现及实验室检查证据；

3) 有心肌炎并发症，且导致心脏扩大或心力衰竭的临床表现及实验室检查证据。

## (14) 严重瑞氏综合征

瑞氏综合征是线粒体功能障碍性疾病。导致脂肪代谢障碍，引起短链脂肪酸、血氨升高，造成脑水肿。主要临床表现为急性发热、反复呕吐、惊厥及意识障碍等。肝脏活

```

```markdown
(14) 严重瑞氏综合征

瑞氏综合征是线粒体功能障碍性疾病。导致脂肪代谢障碍，引起短链脂肪酸、血氨升高，造成脑水肿。主要临床表现为急性发热、反复呕吐、惊厥及意识障碍等。肝脏活检是确诊的重要手段。瑞氏综合征需由保险人认可的医疗机构的专科医生确诊，并符合下列全部条件：

1) 有脑水肿和颅内压升高的脑脊液检查和影像学检查证据；

2) 血氨超过正常值的3倍；

3) 临床出现昏迷，病程至少达到疾病分期第3期。

## (15) 严重肌营养不良

指一组原发于肌肉的遗传性疾病，临床表现为与神经系统无关的肌肉无力和肌肉萎缩。须满足下列全部条件：

1) 肌肉组织活检结果满足肌营养不良症的肌肉细胞变性、坏死等阳性改变；

2) 自主生活能力完全丧失，无法独立完成六项基本日常生活活动中的三项或者三项以上。

保险人承担本项疾病责任不受本合同责任免除中“遗传性疾病，先天性畸形、变形或染色体异常”的限制。

## (16) 成骨不全症第三型

成骨不全症第三型须经保险人认可的医院儿科专科医生明确诊断，并须满足下列全部条件：

1) 针对成骨不全症第三型的诊断进行的皮肤切片的病理检查结果为阳性；

2) X光片结果显示多处骨折及逐步脊柱后侧凸畸形；

3) 有证明是因此疾病引致发育迟缓及听力损伤。

保险人承担本项疾病责任不受本合同责任免除中“遗传性疾病，先天性畸形、变形或染色体异常”的限制。

## (17) 严重癫痫

```

```markdown
3) 有证明是因此疾病引致发育迟缓及听力损伤。

保险人承担本项疾病责任不受本合同责任免除中“遗传性疾病，先天性畸形、变形或染色体异常”的限制。

## (17) 严重癫痫

本病的诊断须由神经科或儿科专科医生根据典型临床症状和脑电图及头颅断层扫描（CT）、核磁共振检查（MRI）或正电子发射断层扫描（PET）等影相学检查做出。理赔时必须提供六个月以上的相关病历记录证明被保险人存在经抗癫痫药物治疗无效而反复发作的强直阵挛性发作或癫痫大发作，且已行神经外科手术以治疗反复发作的癫痫。发热性惊厥以及没有全身性发作的失神发作（癫痫小发作）不在保险范围内。

## (18) 全身型幼年类风湿性关节炎

指未成年时期的一种全身结缔组织病。可表现为弛张热、皮疹、关节炎、脾肿大、淋巴结肿大、浆膜炎、体重减轻、中性粒细胞增多等，全身症状可以先于关节炎出现。本病须在18周岁前经专科医生出具医学诊断证明，并须满足下列条件之一：

1) 临床及X线检查发现明显的关节畸形，以下关节中至少其中三个关节受累：手关节、腕关节、肘关节、膝关节、髋关节、踝关节、脊椎关节或者跖趾关节；

2) 因病情严重在医生的建议下已接受以治疗为目的的膝关节或者髋关节的置换手术。

未成年人其他类型的类风湿性关节炎不在保障范围内。

## (19) 严重甲型及乙型血友病

须经保险人认可的医院血液科专科医生明确诊断为严重甲型血友病（缺乏VIII凝血因子）或者严重乙型血友病（缺乏IX凝血因子），且凝血因子VIII或者凝血因子IX的活性水平少于百分之一。

保险人承担本项疾病责任不受本合同责任免除中“遗传性

```

```markdown
须经保险人认可的医院血液科专科医生明确诊断为严重甲型血友病（缺乏VIII凝血因子）或者严重乙型血友病（缺乏IX凝血因子），且凝血因子VIII或者凝血因子IX的活性水平少于百分之一。

保险人承担本项疾病责任不受本合同责任免除中“遗传性疾病、先天性畸形、变形或染色体异常”的限制。

## (20) 脑恶性肿瘤

指经病理学检查结果明确诊断，临床诊断属于世界卫生组织《疾病和有关健康问题的国际统计分类》(ICD-10)的恶性肿瘤C71范畴。恶性肿瘤释义符合重度疾病中的恶性肿瘤——重度释义。

下列疾病不在保障范围内：

1) 原位癌；

2) 继发性（转移性）恶性肿瘤；

3) 颅神经恶性肿瘤（ICD-10 编码为C72.2-C72.5）；

4) 球后组织恶性肿瘤（ICD-10 编码为C69.6）；

5) 感染艾滋病病毒或患艾滋病期间所患恶性肿瘤。

## 2. 少儿罕见病

本项中的疾病责任不受本合同责任免除中“遗传性疾病，先天性畸形、变形或者染色体异常”的限制。

### (1) 肺淋巴管肌瘤病

肺淋巴管肌瘤病是一种弥漫性肺部疾病，主要病理改变为肺间质、支气管、血管和淋巴管内出现未成熟的平滑肌异常增生，同时须满足下列全部条件：

1) 经组织病理学诊断；

2) CT显示双肺弥漫性囊性改变；

3) 血气提示低氧血症。

## (2) 严重肝豆状核变性

```

```markdown
2) CT显示双肺弥漫性囊性改变；

3) 血气提示低氧血症。

## (2) 严重肝豆状核变性

指一种常染色体隐性遗传的铜代谢缺陷病，以不同程度的肝细胞损害、脑退行性病变和角膜边缘有铜盐沉着环为其临床特征，并须满足下列全部条件：

1) 典型症状；

2) 角膜色素环(K-F环)；

3) 血清铜和血清铜蓝蛋白降低，尿铜增加；

4) 经皮做肝脏活检来定量分析肝脏铜的含量。

## (3) 严重婴儿进行性脊肌萎缩症

指累及脊髓前角细胞及延髓运动核的神经元退行性变性病。在出生后两年内出现的脊髓和脑干颅神经前角细胞进行性机能障碍，伴随肌肉无力和延髓机能障碍。

## (4) 肺泡蛋白质沉积症

指肺泡和细支气管腔内充满不可溶性富磷脂蛋白的疾病，胸部X线呈双肺弥漫性肺部磨玻璃影，病理学检查肺泡内充满有过碘酸雪夫(PAS)染色阳性的蛋白样物质，并且接受了肺灌洗治疗。

## (5) 严重多发性硬化

多发性硬化为中枢神经系统白质多灶性脱髓鞘病变，病变有时累及灰质。多发性硬化必须明确诊断，并且已经造成永久不可逆的神经系统功能损害。永久不可逆的神经系统损害指被保险人持续180天无法独立完成下列基本日常生活活动之一：

1) 移动：自己从一个房间到另一个房间；

2) 进食：自己从已准备好的碗或碟中取食物放入口中。

## 十八、中度疾病

```



```markdown
所有条件，但未达到“严重肠道疾病并发症”的给付标准：

1) 至少切除了二分之一小肠；

2) 完全肠外营养支持二个月以上。

因克罗恩病所致“中度肠道疾病并发症”不在保障范围内。

## (4) 特定周围动脉狭窄的血管介入治疗

指为治疗一条或者一条以上的下列动脉狭窄而实施的血管介入治疗：

1) 为整条下肢或者上肢供血的动脉；

2) 肠系膜动脉。

须满足下列全部条件：

1) 经血管造影术证实一条或者一条以上的上述动脉狭窄达到50%或者以上；

2) 对一条或者一条以上的上述动脉施行了血管介入治疗，如血管成形术及/或血管支架植入术或动脉粥样瘤清除术。

此诊断及治疗均须在保险人认可的医院血管专科医生认为是医疗必需的情况下进行。

保险人仅对“特定周围动脉狭窄的血管介入治疗”和“肾动脉狭窄介入手术”两项中的其中一项承担保险责任，给付其中一项保险金后，对另一项轻度疾病保险责任同时终止。

## (5) 轻度坏死性筋膜炎

指一种由细菌侵入皮下组织和筋膜引起的急性坏死性软组织感染，可伴有毒血症、败血症、中毒性休克、弥漫性血管内凝血及多器官衰竭。但未达到“严重坏死性筋膜炎”的给付标准。本病须经保险人认可的医院专科医生明确诊断。

## (6) 植入大脑内分流器

```

```markdown
织感染，可伴有毒血症、败血症、中毒性休克、弥漫性血管内凝血及多器官衰竭。但未达到“严重坏死性筋膜炎”的给付标准。本病须经保险人认可的医院专科医生明确诊断。

## (6) 植入大脑内分流器

指为缓解已升高的脑脊液压力而确实已在脑室进行分流器植入手术。诊断及治疗均须在保险人认可的医院脑神经科专科医生认为是医疗必需的情况下进行。

## (7) 肾动脉狭窄介入手术

指为治疗肾动脉狭窄而确实已实施了血管介入治疗（血管内成形术、支架植入术、动脉内粥样硬化清除术），必须经血管造影术证实肾动脉狭窄程度不低于50%。诊断及治疗均须在保险人认可的医院专科医生认为是医疗必需的情况下进行。

保险人仅对“特定周围动脉狭窄的血管介入治疗”和“肾动脉狭窄介入手术”两项中的其中一项承担保险责任，给付其中一项保险金后，对另一项轻度疾病保险责任同时终止。

## (8) 早期象皮病

指因丝虫感染导致淋巴管阻塞而造成身体组织出现严重淋巴水肿，达到国际淋巴学会分级2级淋巴液肿，但未达到“严重象皮病”的给付标准，其临床表现为凹陷性肿胀，肢体抬高休息时肿胀不消失，有中度纤维化。

此病症须经保险人认可的医院专科医生根据临床表现和微丝蚴的化验结果确诊。

由性接触传染的疾病、创伤、手术后疤痕、充血性心力衰竭或先天性淋巴系统异常引起的淋巴水肿，以及急性淋巴管炎或其他原因引起的淋巴水肿不在保障范围内。

## (9) 因肾上腺皮质腺瘤切除肾上腺

因肾上腺皮质腺瘤所导致的醛固酮分泌过多而产生的继发性恶性高血压而实际接受了肾上腺切除术治疗。诊断及治

```

```markdown
管炎或其他原因引起的淋巴水肿不在保障范围内。

## (9) 因肾上腺皮质腺瘤切除肾上腺

因肾上腺皮质腺瘤所导致的醛固酮分泌过多而产生的继发性恶性高血压而实际接受了肾上腺切除术治疗。诊断及治疗均须在保险人认可的医院专科医生认为是医疗必需的情况下进行。

## (10) 中度克雅氏病

是一种传染性海绵状脑病，临床表现为快速进行性痴呆、肌阵挛和特征性脑电图变化。须由我们认可的医疗机构的专科医生根据WHO诊断标准明确诊断，并且自主生活能力部分丧失，无法独立完成六项基本日常生活活动中的两项。

## (11) 双侧卵巢切除术

指为治疗疾病实际接受了经腹部切开或腹腔镜进行的双侧卵巢完全切除手术。

下列情况不在保障范围内：

1) 部分卵巢切除；

2) 因恶性肿瘤进行的卵巢切除术；

3) 预防性卵巢切除；

4) 因变性手术而进行的卵巢切除术。

## (12) 双侧睾丸切除术

指为治疗疾病实际接受了经腹部切开或腹腔镜进行的双侧睾丸完全切除手术。

下列情况不在保障范围内：

1) 部分睾丸切除；

2) 因恶性肿瘤进行的睾丸切除术；

3) 因变性手术而进行的睾丸切除术。

## (13) 单侧肾脏切除术

```

```markdown
1) 部分睾丸切除；

2) 因恶性肿瘤进行的睾丸切除术；

3) 因变性手术而进行的睾丸切除术。

### (13) 单侧肾脏切除术

指因疾病或意外伤害导致肾脏严重损害，已经实施了至少单侧全肾的切除手术。

下列情况不在保障范围内：

1) 部分肾切除手术；

2) 因恶性肿瘤进行的肾切除手术；

3) 作为器官捐献者而实施的肾切除手术。

### (14) 中度原发性帕金森病

是一种中枢神经系统的退行性疾病，临床表现为震颤麻痹、共济失调等。须满足下列全部条件：

1) 药物治疗无法控制病情；

2) 自主生活能力部分丧失，无法独立完成六项基本日常生活活动中的两项。

继发性帕金森综合征不在本保障范围内。

### (15) 单侧肺脏切除术

指因疾病或意外伤害导致肺部严重损害，已经实施了单侧全肺切除手术。

下列情况不在保障范围内：

1) 肺叶切除、肺段切除手术；

2) 因恶性肿瘤进行的肺切除手术；

3) 作为器官捐献者而实施的肺切除手术。

### (16) 心包膜切除术

指为治疗心包膜疾病，已经实施了心包膜切除术，但未达到“严重慢性缩窄性心包炎”的给付标准，手术必须在心

```

```markdown
2) 因恶性肿瘤进行的肺切除手术，

3) 作为器官捐献者而实施的肺切除手术。

## (16) 心包膜切除术

指为治疗心包膜疾病，已经实施了心包膜切除术，但未达到“严重慢性缩窄性心包炎”的给付标准。手术必须在心脏科医生认为是医学上必需的情况下进行。

## (17) 主动脉内手术

为了治疗主动脉疾病实际实施了经皮经导管进行的主动脉内手术，且未达到“主动脉手术”的给付标准。主动脉指升主动脉、主动脉弓和降主动脉（含胸主动脉和腹主动脉），不包括升主动脉、主动脉弓和降主动脉的分支血管。

## (18) 植入腔静脉过滤器

指为治疗反复肺栓塞发作，抗凝血疗法无效，已经实施了腔静脉过滤器植入术。手术必须在保险人认可的医院专科医生认为是医学上必需的情况下进行。

## (19) 颈动脉狭窄介入治疗

指对一条或以上的颈动脉狭窄的治疗，疾病的诊断及治疗均须在保险人认可的医院专科医生认为是医疗必需的情况下进行。理赔时必须同时符合下列所有条件：

1) 经血管造影证明一条或以上的颈动脉存在50%或以上狭窄；

2) 确实已针对以上狭窄血管进行介入治疗以减轻症状，介入治疗包括血管成形术及/或支架植入术或粥样斑块清除手术。

保险人仅对“颈动脉狭窄介入治疗”和“颈动脉内膜切除手术”两项中的其中一项承担保险责任，给付其中一项保险金后，对另一项轻度疾病保险责任同时终止。

## (20) 颈动脉内膜切除手术

指一条或以上的颈动脉狭窄超过50%且实际实施了颈动

```

```markdown
“术”两项中的其中一项承担保险责任，给付其中一项保险金后，对另一项轻度疾病保险责任同时终止。

## (20) 颈动脉内膜切除手术

指一条或以上的颈动脉狭窄超过50%且实际实施了颈动脉内膜切除手术，颈动脉狭窄程度必须经颈动脉造影证实。

保险人仅对“颈动脉狭窄介入治疗”和“颈动脉内膜切除手术”两项中的其中一项承担保险责任，给付其中一项保险金后，对另一项轻度疾病保险责任同时终止。

## 十九、轻度疾病

被保险人发生符合以下疾病定义所述条件的疾病，应当由保险人认可的医院专科医生明确诊断。以下疾病名称仅供理解使用，具体保障范围以每种疾病具体定义为准。

### (1) 恶性肿瘤——轻度

指恶性细胞不受控制的进行性增长和扩散，浸润和破坏周围正常组织，可以经血管、淋巴管和体腔扩散转移到身体其它部位，病灶经组织病理学检查（涵盖骨髓病理学检查）结果明确诊断，临床诊断属于世界卫生组织(WHO，World Health Organization)《疾病和有关健康问题的国际统计分类》第十次修订版（ICD-10）的恶性肿瘤类别及《国际疾病分类肿瘤学专辑》第三版(ICD-O-3)的肿瘤形态学编码属于3、6、9（恶性肿瘤）范畴，但不在“恶性肿瘤——重度”保障范围的疾病。且特指下列六项之一：

1) TNM分期为I期的甲状腺癌；

2) TNM分期为T1N0M0期的前列腺癌；

3) 黑色素瘤以外的未发生淋巴结和远处转移的皮肤恶性肿瘤；

4) 相当于Binet分期方案A期程度的慢性淋巴细胞白血病；

5) 相当于Ann Arbor分期方案I期程度的何杰金氏病；

```

```markdown
3) 黑色素瘤以外的未发生淋巴结和远处转移的皮肤恶性肿瘤；

4) 相当于Binet分期方案A期程度的慢性淋巴细胞白血病；

5) 相当于Ann Arbor分期方案I期程度的何杰金氏病；

6) 未发生淋巴结和远处转移且WHO分级为G1级别（核分裂像<10/50 HPF和ki-67≤2%）的神经内分泌肿瘤。

下列疾病不属于“恶性肿瘤——轻度”，不在保障范围内：ICD-O-3肿瘤形态学编码属于0（良性肿瘤）、1（动态未定性肿瘤）、2（原位癌和非侵袭性癌）范畴的疾病，如：

a. 原位癌，癌前病变，非浸润性癌，非侵袭性癌，肿瘤细胞未侵犯基底层，上皮内瘤变，细胞不典型性增生等；

b. 交界性肿瘤，交界恶性肿瘤，肿瘤低度恶性潜能，潜在低度恶性肿瘤等。

### (2) 较轻急性心肌梗死

急性心肌梗死指由于冠状动脉闭塞或梗阻引起部分心肌严重的持久性缺血造成急性心肌坏死。急性心肌梗死的诊断必须依据国际国内诊断标准，符合：

1) 检测到肌酸激酶同工酶（CK-MB）或肌钙蛋白（cTn）升高和/或降低的动态变化，至少一次达到或超过心肌梗死的临床诊断标准；

2) 同时存在下列之一的证据，包括：缺血性胸痛症状、新发生的缺血性心电图改变、新生成的病理性Q波、影像学证据显示有新出现的心肌活性丧失或新出现局部室壁运动异常、冠脉造影证实存在冠状动脉血栓。

较轻急性心肌梗死指依照上述标准被明确诊断为急性心肌梗死，但未达到“较重急性心肌梗死”的给付标准。

其他非冠状动脉阻塞性疾病引起的肌钙蛋白（cTn）升高不在保障范围内。

保险人仅对“较轻急性心肌梗死”“激光心肌血运重建

```

```markdown
较轻急性心肌梗死指依照上述标准被明确诊断为急性心肌梗死，但未达到“较重急性心肌梗死”的给付标准。

其他非冠状动脉阻塞性疾病引起的肌钙蛋白（cTn）升高不在保障范围内。

保险人仅对“较轻急性心肌梗死”、“激光心肌血运重建术”和“冠状动脉介入手术（非切开心包手术）”三项中的其中一项承担保险责任，给付其中一项保险金后，对其他两项轻度疾病保险责任同时终止。

## (3) 轻度脑中风后遗症

指因脑血管的突发病变引起脑血管出血、栓塞或梗塞，须由头颅断层扫描（CT）、核磁共振检查（MRI）等影像学检查证实，并导致神经系统永久性的功能障碍，但未达到“严重脑中风后遗症”的给付标准，在疾病确诊180天后，仍遗留下列至少一种障碍：

1) 一肢（含）以上肢体肌力为3级；

2) 自主生活能力部分丧失，无法独立完成六项基本日常生活活动中的两项。

以上3种轻度疾病为中国保险行业协会制定的《重大疾病保险的疾病定义使用规范（2020年修订版）》中列明的疾病，以下47种轻度疾病为保险人增加的疾病。

## (4) 原位癌

指恶性细胞局限于上皮内尚未穿破基底膜浸润周围正常组织的癌细胞新生物，且须满足以下所有条件：

1) 必须经对固定活组织的组织病理学检查明确诊断，属于世界卫生组织《疾病和有关健康问题的国际统计分类》第十次修订版（ICD-10）的原位癌范畴（D00-D09）；

2) 被保险人必须已经接受了针对原位癌病灶的手术治疗。

癌前病变不在保障范围内。

## (5) 单耳失聪

指因疾病或者意外伤害事故导致单耳听力永久不可逆性丧

```

```markdown
2) 被保险人必须已经接受了针对原位癌病灶的手术治疗。癌前病变不在保障范围内。

### (5) 单耳失聪

指因疾病或者意外伤害事故导致单耳听力永久不可逆性丧失，在500赫兹、1000赫兹和2000赫兹语音频率下，平均听阈大于90分贝，且经纯音听力测试、声导抗检测或者听觉诱发电位检测等证实，但未达到“双耳失聪”的给付标准。

被保险人三周岁前发生的单耳失聪不在保障范围内，且需提供理赔当时的听力丧失诊断及检查证据。

### (6) 病毒性肝炎导致的肝硬化

因肝炎病毒感染的肝脏慢性炎症并发展为肝硬化。且未达到“严重慢性肝衰竭”或“恶性肿瘤——重度”的给付标准。理赔时须满足下列全部条件：

1) 被保险人有感染慢性肝炎病毒的血清学及实验室检查报告等临床证据；

2) 必须由保险人认可的医院消化科专科医生基于肝脏组织病理学检查报告、临床表现及病史对肝炎病毒感染导致肝硬化作出明确诊断；

3) 病理学检查报告证明肝脏病变按Metavir分级表中属F4阶段或Knodell肝纤维化标准达到4分。

由酗酒或药物滥用而引起的本疾病不在保障范围内。

保险人仅对“病毒性肝炎导致的肝硬化”和“慢性肝功能衰竭失代偿早期”两项中的其中一项承担保险责任，给付其中一项保险金后，对另一项轻度疾病保险责任同时终止。

### (7) 慢性肝功能衰竭失代偿早期

指因慢性肝脏疾病导致肝功能衰竭，且未达到“严重慢性肝衰竭”的给付标准。须满足下列任意三个条件：

1) 持续性黄疸；

```

```markdown
(7) 慢性肝功能衰竭失代偿早期

指因慢性肝脏疾病导致肝功能衰竭，且未达到“严重慢性肝衰竭”的给付标准。须满足下列任意三个条件：

1) 持续性黄疸；

2) 腹水；

3) 肝性脑病；

4) 充血性脾肿大伴脾功能亢进或食管胃底静脉曲张。因酗酒或药物滥用导致的肝功能衰竭不在保障范围内。

保险人仅对“病毒性肝炎导致的肝硬化”和“慢性肝功能衰竭失代偿早期”两项中的其中一项承担保险责任，给付其中一项保险金后，对另一项轻度疾病保险责任同时终止。

## (8) 轻度感染性心内膜炎

指因感染性微生物造成心脏内膜炎症，并且累及心脏瓣膜，导致心脏瓣膜病变，且未达到“严重感染性心内膜炎”或“心脏瓣膜手术”的给付标准。必须满足下列条件：

1) 急性或亚急性感染性心内膜炎的临床表现，且心内膜炎引起轻度心脏瓣膜关闭不全或轻度心脏瓣膜狭窄；

2) 血液培养测试结果为阳性，证实存在感染性微生物。保险人仅对“轻度感染性心内膜炎”和“心脏瓣膜介入手术(非切开心脏手术)”两项中的其中一项承担保险责任，给付其中一项保险金后，对另一项轻度疾病保险责任同时终止。

## (9) 轻度类风湿性关节炎

根据美国风湿病学院的诊断标准，由保险人认可的医院风湿科专科医生明确诊断并符合下列所有理赔条件，但未达到“类风湿性关节炎导致的永久不可逆关节功能障碍”或“全身型幼年类风湿性关节炎”的给付标准：表现为关节严重变形，侵犯至少两个主要关节或关节组（如：双手（多手指）关节、双足（多足趾）关节、双腕关节、双膝关节和双髋关节）。

```

```markdown
到“类风湿性关节炎导致的永久不可逆关节功能障碍”或“全身型幼年类风湿性关节炎”的给付标准：表现为关节严重变形，侵犯至少两个主要关节或关节组（如：双手（多手指）关节、双足（多足趾）关节、双腕关节、双膝关节和双髋关节）。

类风湿性关节炎必须明确诊断并且已经达到类风湿性关节炎功能分级III级以上的功能障碍（关节活动严重限制，不能完成大部分的日常工作和活动）。

## (10) 轻度脑炎或脑膜炎后遗症

指因患脑炎或脑膜炎导致的神经系统永久性功能障碍。神经系统永久性功能障碍，指疾病确诊180天后，神经系统功能障碍程度未达到“严重脑炎后遗症或严重脑膜炎后遗症”或“瘫痪”的给付标准，但仍遗留下列一种或者一种以上障碍：

1) 一肢或一肢以上肢体肌力III级或III级以下的运动功能障碍；

2) 自主生活能力完全丧失，无法独立完成六项基本日常生活活动中的两项。

## (11) 轻度进行性核上性麻痹

指一种少见的神经系统变性疾病，以假球麻痹、垂直性核上性眼肌麻痹、锥体外系肌僵直、步态共济失调和轻度痴呆为主要临床特征。须经保险人认可的医院专科医生确诊，且满足自主生活能力完全丧失，无法独立完成六项基本日常生活活动中的两项，但未达到“严重进行性核上性麻痹”或“瘫痪”的给付标准。

## (12) 轻度重症肌无力

指一种神经与肌肉接头部位传递障碍的自身免疫性疾病，临床特征是局部或全身横纹肌于活动时易于疲劳无力，颅神经眼外肌最易累及，也可涉及呼吸肌、下肢近端肌群以至全身肌肉。该病必须由保险人认可的医院专科医生明确诊断，且疾病确诊180天后，仍然存在自主生活能力部分丧失，经鉴定无法独立完成六项基本日常生活活动中的两

```

```markdown
指一种神经与肌肉接头部位传递障碍的自身免疫性疾病，临床特征是局部或全身横纹肌于活动时易于疲劳无力，颅神经眼外肌最易累及，也可涉及呼吸肌、下肢近端肌群以至全身肌肉。该病必须由保险人认可的医院专科医生明确诊断，且疾病确诊180天后，仍然存在自主生活能力部分丧失，经鉴定无法独立完成六项基本日常生活活动中的两项，但未达到“严重重症肌无力”或“瘫痪”的给付标准。

## (13) 肝脏手术

指因疾病或意外事故实际实施的肝脏部分切除术，手术须有至少一个完整的肝叶切除。

## (14) 强直性脊柱炎的特定手术治疗

指诊断为强直性脊柱炎，且满足下列全部条件：

1) 脊柱、髋、膝关节疼痛活动受限；

2) 脊柱后凸畸形，髋、膝关节强直；

3) X线关节结构破坏征象；

4) 实际实施了下列手术治疗的一项或多项手术：

a. 脊柱截骨手术；

b. 全髋关节置换手术；

c. 膝关节置换手术。

## (15) 早期运动神经元病

指一组中枢神经系统运动神经元的进行性变性疾病，包括进行性脊肌萎缩症、进行性延髓麻痹症、原发性侧索硬化症、肌萎缩性侧索硬化症。须满足自主生活能力部分丧失，经鉴定无法独立完成六项基本日常生活活动中的两项，但未达到“严重运动神经元病”或“瘫痪”的给付标准。

## (16) 轻度结核性脊髓炎

指因结核杆菌引起的脊髓炎，导致永久性神经系统功能中度障碍，即：疾病首次确诊180天后，仍遗留以下障碍：

```

```markdown
准。

## (16) 轻度结核性脊髓炎

指因结核杆菌引起的脊髓炎，导致永久性神经系统功能中度障碍，即：疾病首次确诊180天后，仍遗留以下障碍：自主生活能力部分丧失，无法独立完成六项基本日常生活活动中的两项或以上，但未达到“瘫痪”的给付标准。

该诊断必须由保险人认可的医院神经专科医生证实，并必须由适当的检查证明为结核性脊髓炎。

## (17) 单个肢体缺失

指一个肢体自腕关节或踝关节近端（靠近躯干端）以上完全性断离，但未达到“多个肢体缺失”或“糖尿病并发症引致的双足截除”的给付标准。

因恶性肿瘤导致的单个肢体缺失不在保障范围内。

## (18) 轻度多发性硬化

指因脑及脊髓内的脱髓鞘病变而出现神经系统多灶性（多发性）多时相（至少6个月以内有一次以上（不包含一次）的发作）的病变，须由计算机断层扫描（CT）、核磁共振检查（MRI）或正电子发射断层扫描（PET）等影像学检查证实，且已经造成自主生活能力严重丧失，无法独立完成六项基本日常生活活动中的两项，持续至少180天，但未达到“严重多发性硬化”的给付标准。

## (19) 多发肋骨骨折

因一次意外伤害事故导致胸部同时大于等于12根肋骨骨折。

陈旧性骨折不在保障范围内。

## (20) 轻度肌营养不良症

指一组原发于肌肉的遗传性疾病，临床表现为与神经系统无关的肌肉无力和肌肉萎缩，但未达到“严重肌营养不良症”或“瘫痪”的给付标准。须满足下列全部条件：

1) 肌肉组织活检结果满足肌营养不良症的肌肉细胞变

```

```markdown
(20) 轻度肌营养不良症

指一组原发于肌肉的遗传性疾病，临床表现为与神经系统无关的肌肉无力和肌肉萎缩，但未达到“严重肌营养不良症”或“瘫痪”的给付标准。须满足下列全部条件：

1) 肌肉组织活检结果满足肌营养不良症的肌肉细胞变性、坏死等阳性改变；

2) 自主生活能力严重丧失，经鉴定无法独立完成六项基本日常生活活动中的两项。

本计划承担本项疾病责任不受本合同责任免除中“遗传性疾病，先天性畸形、变形或染色体异常”的限制。

(21) 轻度脑损伤

指因头部遭受机械性外力，引起脑重要部位损伤，导致神经系统永久性的功能障碍。须由头颅断层扫描（CT）、核磁共振检查（MRI）或正电子发射断层扫描（PET）等影像学检查证实。

神经系统永久性的功能障碍，指脑损伤180天后，仍完全丧失自主生活能力，经鉴定无法独立完成六项基本日常生活活动中的两项，但未达到“严重脑损伤”或“瘫痪”的给付标准。

(22) 脑垂体瘤、颅内囊肿、颅内动脉瘤/颅内血管瘤

指被保险人经头颅断层扫描（CT）、核磁共振检查（MRI）或正电子发射断层扫描（PET）等影像学检查被确诊为下列病变，并实际接受了手术或放射治疗，且未达到“开颅手术（含破裂脑动脉瘤夹闭手术）”的给付标准：

1) 脑垂体瘤；

2) 颅内囊肿；

3) 颅内动脉瘤、颅内血管瘤。

保险人仅对“脑垂体瘤、颅内囊肿、颅内动脉瘤/颅内血管瘤”和“微创颅脑手术”两项中的其中一项承担保险责任，给付其中一项保险金后，对另一项轻度疾病保险责任同时终止

```

```markdown
3) 颅内动脉瘤、颅内血管瘤。

保险人仅对“脑垂体瘤、颅内囊肿、颅内动脉瘤/颅内血管瘤”和“微创颅脑手术”两项中的其中一项承担保险责任，给付其中一项保险金后，对另一项轻度疾病保险责任同时终止。

## (23) 微创颅脑手术

因疾病被保险人确已实施全麻下的颅骨钻孔手术或者经鼻蝶窦入路手术。

因外伤而实施的脑外科手术不在保障范围内。

保险人仅对“脑垂体瘤、脑囊肿、颅内血管性疾病”和“微创颅脑手术”两项中的其中一项承担保险责任，给付其中一项保险金后，对另一项轻度疾病保险责任同时终止。

## (24) 早期系统性硬皮病

指一种以局限性或弥漫性皮肤增厚和皮肤、血管、内脏器官异常纤维化为特征的结缔组织病。

本病须经专科医生明确诊断，满足下列所有条件，但未达到“严重系统性硬皮病”的给付标准

1) 必须由保险人认可的医院风湿学专科医生根据美国风湿病学会(ACR)及欧洲抗风湿病联盟(EULAR)在2013年发布的系统性硬皮病诊断标准确诊；

2) 须提供明确的病理活检及自身抗体免疫血清学证据支持。

以下情况不在保障范围内：

1) 局限性硬皮病（带状硬皮病或斑状损害）；

2) 嗜酸性筋膜炎；

3) CREST综合征。

## (25) 较小面积III度烧伤

指烧伤程度为III度，且III度烧伤的面积达到全身体表面积的10%但小于20%。体表面积根据《中国新九分法》计

```

```markdown
3) CREST综合征。

## (25) 较小面积III度烧伤

指烧伤程度为III度，且III度烧伤的面积达到全身体表面积的10%但小于20%。体表面积根据《中国新九分法》计算。

## (26) 意外受伤所需的面部重建手术

指因意外伤害事故导致面部受伤而确实进行整形或者重建手术（颈部以上的面部构造不完整、缺失或者受损而对其形态及外观进行修复或者重建），同时必须由保险人认可的医院专科医生证实该面部毁容所进行的治疗是医疗所必需的。

因纯粹整容原因、独立的牙齿修复、独立的鼻骨骨折或者独立的皮肤伤口所进行的手术均不在保障范围内。

因“轻度面部烧伤”、“较小面积III度烧伤”或“意外导致的重度面部烧伤”而进行的“面部重建手术”不在保障范围内。

## (27) 轻度面部烧伤

指面部烧伤程度为III度，且面部III度烧伤的面积达到面部表面积的30%或者30%以上，但未达到面部表面积的2/3。

## (28) 慢性肾功能障碍

指因双肾功能显著降低，达到慢性不可逆性损伤，诊断必须满足以下所有条件，但未达到“严重慢性肾衰竭”、“溶血性尿毒综合征”或“重度狼疮性肾炎”的给付标准：

1) 肾小球滤过率(GFR) < 25ml/min或肌酐清除率(Ccr) < 25ml/min;

2) 血肌酐(Scr) > 5mg/dl或> 442μmol/L;

3) 持续180天以上(含)。

因“系统性红斑狼疮所致慢性肾功能障碍”不在保障范围

```

```markdown
(Ccr) < 25ml/min;

2) 血肌酐(Scr) > 5mg/dl或>442μmol/L;

3) 持续180天以上(含)。

因“系统性红斑狼疮所致慢性肾功能障碍”不在保障范围内。

## (29) 轻度系统性红斑狼疮

指诊断为系统性红斑狼疮，且满足下列全部条件，并且未达到“重度狼疮性肾炎”或“严重慢性肾衰竭”的给付标准：

1) 在下列五项情况中出现最少两项：

a. 关节炎：非磨损性关节炎，需涉及两个或两个以上关节；

b. 浆膜炎：胸膜炎或心包炎；

c. 肾病：24小时尿蛋白定量达到0.5克，或尿液检查出现细胞管型；

d. 血液学异常：溶血性贫血，白细胞减少，或血小板减少；

e. 抗核抗体阳性，抗dsDNA阳性，或抗Smith抗体阳性。

2) 系统性红斑狼疮的诊断必须由医院的风湿科或免疫系统专科医生确定。

## (30) 轻度继发性肺动脉高压

继发性肺动脉压力持续增高，导致右心室肥厚，已经造成永久不可逆性的体力活动能力受限，达到美国纽约心脏病学会(New York Heart Association, NYHA)心功能状态分级III级，但尚未达到IV级。诊断需要由心脏科专家确诊，且静息状态下肺动脉平均压超过25mmHg，但尚未达到36mmHg。

所有先天性心脏疾病直接或间接引起的肺动脉高压不在保障范围内。

```

```markdown
总分级III级，但尚未达到IV级。诊断需要由心脏科专家确诊，且静息状态下肺动脉平均压超过25mmHg，但尚未达到36mmHg。

所有先天性心脏疾病直接或间接引起的肺动脉高压不在保障范围内。

## (31) 冠状动脉介入手术（非切开心包手术）

为了治疗明显的冠状动脉狭窄性疾病，首次实际实施了冠状动脉球囊扩张成形术、冠状动脉支架植入术、冠状动脉粥样斑块切除术或者激光冠状动脉成形术，且未达到“较重急性心肌梗死”或“严重冠心病”的给付标准。

保险人仅对“较轻急性心肌梗死”、“激光心肌血运重建术”和“冠状动脉介入手术（非切开心包手术）”三项中的其中一项承担保险责任，给付其中一项保险金后，对其他两项轻度疾病保险责任同时终止。

## (32) 心脏瓣膜介入手术（非切开心脏手术）

为了治疗心脏瓣膜疾病，实际实施了经皮经导管介入手术进行的心脏瓣膜置换或者修复手术，但未达到“心脏瓣膜手术”或“严重感染性心内膜炎”的给付标准。

保险人仅对“轻度感染性心内膜炎”和“心脏瓣膜介入手术（非切开心脏手术）”两项中的其中一项承担保险责任，给付其中一项保险金后，对另一项轻度疾病保险责任同时终止。

## (33) 早期原发性心肌病

指一组发病缓慢、病因未明、以心脏增大为特点、最后发展成为心力衰竭的心脏病。早期原发性心肌病包括扩张型心肌病、肥厚型心肌病和限制型心肌病。此病症须满足以下所有条件，但未达到“严重原发性心肌病”的给付标准：

1) 导致心室功能受损，其受损程度达到美国纽约心脏病学会（New York Heart Association，NYHA）心功能状态分级III级，或同等级别；

2)

```

```markdown
准：

1) 导致心室功能受损，其受损程度达到美国纽约心脏病学会（New York Heart Association，NYHA）心功能状态分级III级，或同等级别；

2) 原发性心肌病的诊断必须由保险人认可的医院心脏专科医生确认，并提供心脏超声检查报告。

继发于全身性疾病或其他器官系统疾病及酒精滥用造成的心肌病变不在保障范围内。

## (34) 植入心脏除纤颤器

因严重心律失常而确实已经实施永久性心脏除纤颤器的植入手术。理赔时须提供完整病历资料及手术记录，诊断及治疗均须在保险人认可的医院专科医生认为是医疗必需的情况下进行。

## (35) 植入心脏起搏器

因严重心律失常而确实已经实施永久性心脏起搏器的植入手术。理赔时须提供完整病历资料及手术记录，诊断及治疗均须在保险人认可的医院专科医生认为是医疗必需的情况下进行。

## (36) 激光心肌血运重建术

指患有顽固性心绞痛，经持续药物治疗后无改善，冠状动脉搭桥手术及经皮血管成形手术已失败或者被认为不合适者。在保险人认可医院内实际进行了开胸手术下或者胸腔镜下的激光心肌血运重建术，且未达到“较重急性心肌梗死”的给付标准。

保险人仅对“较轻急性心肌梗死”、“激光心肌血运重建术”和“冠状动脉介入手术（非切开心包手术）”三项中的其中一项承担保险责任，给付其中一项保险金后，对其他两项轻度疾病保险责任同时终止。

## (37) 轻度特发性肺动脉高压

指由于原发性肺动脉高压进行性发展，已经造成永久不可逆性的体力活动能力受限，达到美国纽约心脏病学会

```

```markdown
其中一项承担保险责任，给付其中一项保险金后，对其他两项轻度疾病保险责任同时终止。

## (37) 轻度特发性肺动脉高压

指由于原发性肺动脉高压进行性发展，已经造成永久不可逆性的体力活动能力受限，达到美国纽约心脏病学会(New York Heart Association, NYHA)心功能状态分级III级，但尚未达到IV级，且静息状态下肺动脉平均压超过25mmHg，但尚未达到36mmHg。

## (38) 可逆性再生障碍性贫血

指因急性可逆性的骨髓造血功能衰竭而导致贫血、中性粒细胞减少和血小板减少，未达到“重型再生障碍性贫血”的给付标准。须由血液科专科医生确诊，且病历资料显示接受了下列至少一项治疗：

1) 骨髓刺激疗法至少一个月；

2) 免疫抑制剂治疗至少一个月；

3) 骨髓移植。

## (39) 单眼视力丧失

指因疾病或意外伤害导致单眼视力永久不可逆性丧失，但未达到“双目失明”的给付标准，但患眼须满足下列至少一项条件：

1) 眼球缺失或摘除；

2) 矫正视力低于0.02（采用国际标准视力表，如果使用其它视力表应进行换算）；

3) 视野半径小于5度。

被保险人在三周岁前因疾病导致单眼视力丧失不在保障范围内。且除眼球缺失或摘除情形外，应提供理赔当时的视力丧失诊断及检查证据。

保险人仅对“单眼视力丧失”和“角膜移植”两项中的其中一项承担保险责任，给付其中一项保险金后，对另一项轻度疾病保险责任同时终止。

```

```markdown
围内。且除眼球缺失或摘除情形外，应提供理赔当时的视力丧失诊断及检查证据。

保险人仅对“单眼视力丧失”和“角膜移植”两项中的其中一项承担保险责任，给付其中一项保险金后，对另一项轻度疾病保险责任同时终止。

## (40) 角膜移植

指为增进视力或治疗某些角膜疾患，已经实施了异体的角膜移植手术。此手术必须在保险人认可的医院内由专科医生认为是医疗必需的情况下进行。

保险人仅对“单眼视力丧失”和“角膜移植”两项中的其中一项承担保险责任，给付其中一项保险金后，对另一项轻度疾病保险责任同时终止。

## 二十、保险金申请人

指受益人或其继承人或依法享有保险金请求权的其他自然人。

## 二十一、组织病理学检查

本合同疾病定义中所指的“组织病理学检查”是指通过局部切除、钳取、穿刺等手术方法，从患者机体采取病变组织块，经过包埋、切片后，进行病理检查的方法。

通过采集病变部位脱落细胞、细针吸取病变部位细胞、体腔积液分离病变细胞等方式获取病变细胞，制成涂片，进行病理检查的方法，属于细胞病理学检查，不属于组织病理学检查。

## 二十二、ICD-10与ICD-O-3

《疾病和有关健康问题的国际统计分类》第十次修订版(ICD-10)，是世界卫生组织（WHO）发布的国际通用的疾病分类方法。《国际疾病分类肿瘤学专辑》第三版(ICD-O-3)，是WHO发布的针对ICD中肿瘤形态学组织学细胞类型、动态、分化程度的补充编码。其中形态学编码：0代表良性肿瘤；1代表动态未定性肿瘤；2代表原

```

```markdown
(ICD-10)，是世界卫生组织(WHO)发布的国际通用的疾病分类方法。《国际疾病分类肿瘤学专辑》第三版(ICD-O-3)，是WHO发布的针对ICD中肿瘤形态学组织学细胞类型、动态、分化程度的补充编码。其中形态学编码：0代表良性肿瘤；1代表动态未定性肿瘤；2代表原位癌和非侵袭性癌；3代表恶性肿瘤(原发性)；6代表恶性肿瘤(转移性)；9代表恶性肿瘤(原发性或转移性未肯定)。如果出现ICD-10与ICD-O-3不一致的情况，以ICD-O-3为准。

## 二十三、肢体

本合同疾病定义中所指的“肢体”是指包括肩关节的整个上肢或包括髋关节的整个下肢。

## 二十四、肌力

本合同疾病定义中所指的“肌力”指肌肉收缩时的力量。肌力划分为0-5级，具体为：

0级：肌肉完全瘫痪，毫无收缩。

1级：可看到或者触及肌肉轻微收缩，但不能产生动作。

2级：肌肉在不受重力影响下，可进行运动，即肢体能在床面上移动，但不能抬高。

3级：在和地心引力相反的方向中尚能完成其动作，但不能对抗外加阻力。

4级：能对抗一定的阻力，但较正常人为低。

5级：正常肌力。

## 二十五、语言能力完全丧失

本合同疾病定义中所指的“语言能力完全丧失”是指无法发出四种语音（包括口唇音、齿舌音、口盖音和喉头音）中的任何三种、或声带全部切除，或因大脑语言中枢受伤害而患失语症。

## 二十六、严重咀嚼吞咽功能障碍

```

```markdown
本合同疾病定义中所指的“语言能力完全丧失”是指无法发出四种语音（包括口唇音、齿舌音、口盖音和喉头音）中的任何三种、或声带全部切除，或因大脑语言中枢受伤害而患失语症。

## 二十六、严重咀嚼吞咽功能障碍

本合同疾病定义中所指的“严重咀嚼吞咽功能障碍”是指因牙齿以外的原因导致器质障碍或机能障碍，以致不能作咀嚼吞咽运动，除流质食物外不能摄取或吞咽的状态。

## 二十七、六项基本日常生活活动

本合同疾病定义中所指的“六项基本日常生活活动”是指：

(1) 穿衣：自己能够穿衣及脱衣；

(2) 移动：自己从一个房间到另一个房间；

(3) 行动：自己上下床或者上下轮椅；

(4) 如厕：自己控制进行大小便；

(5) 进食：自己从已准备好的碗或者碟中取食物放入口中；

(6) 洗澡：自己进行淋浴或者盆浴。

六项基本日常生活活动能力的鉴定不适用于0-3周岁幼儿。

## 二十八、酗酒

指酒精摄入过量。长期过量饮酒导致身体脏器严重损害，或一次大量饮酒导致急性酒精中毒或自制力丧失导致自身伤害、斗殴肇事或交通肇事。酒精摄入过量由医疗机构或公安部门判定。

## 二十九、永久不可逆

本合同疾病定义中所指的“永久不可逆”是指自疾病确诊或意外伤害发生之日起，经过积极治疗180天后，仍无法通过现有医疗手段恢复。

```

```markdown
# 二十九、永久不可逆

本合同疾病定义中所指的“永久不可逆”是指自疾病确诊或意外伤害发生之日起，经过积极治疗180天后，仍无法通过现有医疗手段恢复。

## 三十、美国纽约心脏病学会（New York Heart Association，NYHA）心功能状态分级

美国纽约心脏病学会心功能状态分为四级：

I级：体力活动不受限，日常活动不引起过度的乏力、呼吸困难或者心悸；

II级：体力活动轻度受限，休息时无症状，日常活动即可引起乏力、心悸、呼吸困难或者心绞痛；

III级：体力活动明显受限，休息时无症状，轻于日常的活动即可引起乏力、心悸、呼吸困难或者心绞痛；

IV级：不能从事任何体力活动，休息时亦有充血性心衰或者心绞痛症状，任何体力活动后加重。

## 三十一、TNM分期

TNM分期采用AJCC癌症分期手册标准。该标准由美国癌症联合委员会与国际抗癌联合会TNM委员会联合制定，是目前肿瘤医学分期的国际通用标准。T指原发肿瘤的大小、形态等；N指淋巴结的转移情况；M指有无其他脏器的转移情况。

## 三十二、甲状腺癌的TNM分期

甲状腺癌的TNM分期采用目前现行的AJCC第八版定义标准，我国国家卫生健康委员会2018年发布的《甲状腺癌诊疗规范（2018年版）》也采用此定义标准，具体见下：

甲状腺乳头状癌、滤泡癌、低分化癌、Hürthle细胞癌和未分化癌

pTX：原发肿瘤不能评估：

```

```markdown
诊疗规范（2018年版）》也采用此定义标准，具体见下：

甲状腺乳头状癌、滤泡癌、低分化癌、Hürthle细胞癌和未分化癌

pTX：原发肿瘤不能评估；

pT0：无肿瘤证据；

pT1：肿瘤局限在甲状腺内，最大径≤2cm；

① T1a肿瘤最大径≤1cm；

② T1b肿瘤最大径>1cm，≤2cm；

pT2：肿瘤2~4cm；

pT3：肿瘤>4cm，局限于甲状腺内或大体侵犯甲状腺外带状肌

pT3a：肿瘤>4cm，局限于甲状腺内

pT3b：大体侵犯甲状腺外带状肌，无论肿瘤大小

带状肌包括：胸骨舌骨肌、胸骨甲状肌、甲状舌骨肌、肩胛舌骨肌

pT4：大体侵犯甲状腺外带状肌外

pT4a：侵犯喉、气管、食管、喉反神经及皮下软组织

pT4b：侵犯椎前筋膜，或包裹颈动脉、纵隔血管

甲状腺髓样癌

pTX：原发肿瘤不能评估

pT0：无肿瘤证据

pT1：肿瘤局限在甲状腺内，最大径≤2cm

① T1a肿瘤最大径≤1cm；

② T1b肿瘤最大径>1cm，≤2cm；

pT2：肿瘤2~4cm；

pT3：肿瘤>4cm，局限于甲状腺内或大体侵犯甲状腺外

```

```markdown
①T1a肿瘤最大径≤1cm；

②T1b肿瘤最大径>1cm，≤2cm；

pT2：肿瘤2~4cm；

pT3：肿瘤>4cm，局限于甲状腺内或大体侵犯甲状腺外带状肌

pT3a：肿瘤>4cm，局限于甲状腺内

pT3b：大体侵犯甲状腺外带状肌，无论肿瘤大小

带状肌包括：胸骨舌骨肌、胸骨甲状肌、甲状舌骨肌、肩胛舌骨肌

pT4：进展期病变

pT4a：中度进展，任何大小的肿瘤，侵犯甲状腺外颈部周围器官和软组织，如喉、气管、食管、喉反神经及皮下软组织

pT4b：重度进展，任何大小的肿瘤，侵犯椎前筋膜，或包裹颈动脉、纵隔血管

区域淋巴结：适用于所有甲状腺癌

pNx：区域淋巴结无法评估

pN0：无淋巴结转移证据

pN1：区域淋巴结转移

pN1a：转移至VI、VII区（包括气管旁、气管前、喉前/Delphian或上纵隔）淋巴结，可以为单侧或双侧。

pN1b：单侧、双侧或对侧颈淋巴结转移（包括I、II、III、IV或V区）淋巴结或咽后淋巴结转移。

远处转移：适用于所有甲状腺癌

M0：无远处转移

M1：有远处转移

```"
